id,first_name,last_name,gender
1,Adam,Williams,Male
2,Adrian,White,Male
3,Adriana,Brown,Female
4,Alejandro,Jones,Male
5,Alex,Vargas,Male
6,Alexis,Luna,Female
7,Amanda,Martinez,Female
8,Amanda,Gamble,Female
9,Amy,Pierce,Female
10,Andrea,Johnston,Female
11,Andrew,Graves,Male
12,Andrew,Moyer,Male
13,Andrew,Garcia,Male
14,Angel,Stewart,Female
15,Angelica,Thomas,Female
16,Annette,Romero,Female
17,Anthony,Brooks,Male
18,Ashley,Wilson,Female
19,Ashley,Valencia,Female
20,Austin,Curtis,Male
21,Barry,Morris,Male
22,Becky,Roberts,Female
23,Benjamin,Suarez,Male
24,Blake,Oconnell,Male
25,Bonnie,Bowers,Female
26,Bradley,Booth,Male
27,Brenda,Santana,Female
28,Brenda,Weber,Female
29,Brett,Alvarez,Male
30,Brian,Boyer,Male
31,Brian,Nichols,Male
32,Brooke,Newton,Female
33,Bryan,Mcdonald,Male
34,Caroline,Rivera,Female
35,Casey,Elliott,Male
36,Catherine,Harvey,Female
37,Chelsea,Kim,Female
38,Chelsey,Cline,Female
39,Cheryl,Martin,Female
40,Christina,Bolton,Female
41,Christopher,Monroe,Male
42,Christopher,Yoder,Male
43,Claire,James,Female
44,Cody,Jordan,Male
45,Corey,Anderson,Male
46,Cory,Carroll,Male
47,Cynthia,Morgan,Female
48,Daniel,Thompson,Male
49,Daniel,Moore,Male
50,Daniel,Sullivan,Male
51,Darryl,Mckenzie,Male
52,David,Romero,Male
53,David,Freeman,Male
54,David,Hall,Male
55,David,Knox,Male
56,David,Simmons,Male
57,David,Reilly,Male
58,David,Bailey,Male
59,Destiny,Rivera,Female
60,Destiny,Chapman,Female
61,Diana,Williams,Female
62,Elizabeth,Gonzalez,Female
63,Elizabeth,Heath,Female
64,Emily,Miller,Female
65,Erika,Howe,Female
66,Evan,Carrillo,Male
67,Felicia,Dominguez,Female
68,Frances,Dominguez,Female
69,Frank,Swanson,Male
70,Gail,Garcia,Female
71,Gina,Austin,Female
72,Harold,Cook,Male
73,Heather,Sanchez,Female
74,Heather,Lloyd,Female
75,Holly,Barnes,Female
76,Holly,Mitchell,Female
77,Jackson,Johnson,Male
78,Jaime,Carpenter,Male
79,Jamie,White,Female
80,Jasmine,Kelly,Female
81,Jason,Sharp,Male
82,Jason,Romero,Male
83,Jason,Henry,Male
84,Jeffrey,Vega,Male
85,Jerry,Johnson,Male
86,Jessica,Wright,Female
87,Jessica,Watts,Female
88,Jessica,Walker,Female
89,Joan,Robinson,Female
90,Joanna,Barajas,Female
91,Jose,Hodges,Male
92,Joseph,West,Male
93,Joseph,Jimenez,Male
94,Joshua,Ortiz,Male
95,Joshua,Brown,Male
96,Joshua,Lopez,Male
97,Joshua,Carr,Male
98,Julia,Holland,Female
99,Justin,Mooney,Male
100,Karl,Bell,Male
101,Katherine,Smith,Female
102,Kathleen,Phillips,Female
103,Katie,Walker,Female
104,Kenneth,Brown,Male
105,Kimberly,Johnson,Female
106,Kristen,Moses,Female
107,Kristi,Lopez,Female
108,Kristi,Smith,Female
109,Kristin,Mullins,Female
110,Kristy,Gonzales,Female
111,Kyle,Knight,Male
112,Kyle,Alexander,Male
113,Larry,Mcclure,Male
114,Laurie,Norris,Female
115,Linda,Brown,Female
116,Lisa,Bowers,Female
117,Lisa,Cabrera,Female
118,Lori,Johnson,Female
119,Margaret,Buckley,Female
120,Mark,Roberts,Male
121,Matthew,Caldwell,Male
122,Matthew,Rojas,Male
123,Matthew,Ruiz,Male
124,Megan,Chan,Female
125,Megan,Valenzuela,Female
126,Melinda,Ayers,Female
127,Melissa,Porter,Female
128,Michael,Hunter,Male
129,Michael,Farmer,Male
130,Michael,Knox,Male
131,Michael,Krause,Male
132,Michael,Hendrix,Male
133,Michael,Marshall,Male
134,Michelle,Sampson,Female
135,Misty,Hawkins,Female
136,Nancy,Gonzalez,Female
137,Natalie,Green,Female
138,Pamela,Cruz,Female
139,Patricia,Rivera,Female
140,Paul,Hicks,Male
141,Paul,Sanchez,Male
142,Phillip,Patel,Male
143,Rachael,Hines,Female
144,Rachel,Harris,Female
145,Rachel,Moss,Female
146,Rachel,Greer,Female
147,Rebecca,Horne,Female
148,Rebecca,Clark,Female
149,Richard,Cooper,Male
150,Robert,Medina,Male
151,Robert,Harris,Male
152,Robert,Small,Male
153,Robert,Clark,Male
154,Robert,Pollard,Male
155,Robert,Romero,Male
156,Robert,Walsh,Male
157,Robin,Wade,Female
158,Robin,Andrews,Female
159,Ronald,Banks,Male
160,Ryan,Contreras,Male
161,Ryan,Olsen,Male
162,Samantha,Carter,Female
163,Samantha,Jacobs,Female
164,Sandra,Holt,Female
165,Sandra,Young,Female
166,Sarah,Jefferson,Female
167,Sean,Reynolds,Male
168,Sean,Weber,Male
169,Shannon,Robinson,Female
170,Shannon,Swanson,Female
171,Shawna,Mccarthy,Female
172,Sherry,Vaughan,Female
173,Stacey,Pace,Female
174,Stacey,Lopez,Female
175,Stephanie,Duarte,Female
176,Stephanie,Michael,Female
177,Stephen,Ross,Male
178,Stephen,Clark,Male
179,Steven,Ballard,Male
180,Steven,Wright,Male
181,Steven,Cunningham,Male
182,Steven,Martinez,Male
183,Tammy,Atkins,Female
184,Tara,Barrera,Female
185,Taylor,Hill,Male
186,Theodore,Graham,Male
187,Thomas,Robinson,Male
188,Thomas,Wells,Male
189,Thomas,Hammond,Male
190,Thomas,Bell,Male
191,Timothy,Paul,Male
192,Todd,Garcia,Male
193,Tonya,Anderson,Female
194,Tracy,Green,Female
195,Virginia,Ramos,Female
196,William,Roberts,Male
197,William,Blevins,Male
198,Willie,Taylor,Male
199,Yolanda,Hoffman,Female
200,Zoe,Brooks,Female
